customer_id,full_name,gender,country,age,annual_income,signup_date,internal_record_number,raw_import_timestamp,data_source,notes
1,Customer 1,M,USA,43.0,38000.0,2023-03-04,100001,2024-01-01,crm,
2,Customer 2,Male,USA,20.0,,2023-01-15,100002,2024-01-01,crm,
3,Customer 3,M,Germany,45.0,,,100003,2024-01-01,crm,
4,Customer 4,Male,Germany,43.0,76000.0,,100004,2024-01-01,crm,
5,Customer 5,M,Germany,27.0,,2023-01-15,100005,2024-01-01,crm,
6,Customer 6,M,USA,53.0,,2023-07-22,100006,2024-01-01,crm,follow up
7,Customer 7,M,Germany,-3.0,,2023-03-15,100007,2024-01-01,crm,
8,Customer 8,Female,UK,33.0,,2023-03-04,100008,2024-01-01,crm,follow up
9,Customer 9,M,Germany,22.0,,2023-03-04,100009,2024-01-01,crm,
10,Customer 10,F,Germany,20.0,,2023-03-04,100010,2024-01-01,crm,follow up
11,Customer 11,Male,UK,47.0,,2023-07-22,100011,2024-01-01,crm,
12,Customer 12,M,France,150.0,,2023-07-22,100012,2024-01-01,crm,vip
13,Customer 13,M,Germany,45.0,,2023-01-15,100013,2024-01-01,crm,
14,Customer 14,M,USA,45.0,,2023-07-22,100014,2024-01-01,crm,
15,Customer 15,F,Germany,150.0,,,100015,2024-01-01,crm,vip
16,Customer 16,Female,Germany,-3.0,,2023-01-15,100016,2024-01-01,crm,
17,Customer 17,F,USA,45.0,,,100017,2024-01-01,crm,
18,Customer 18,M,USA,45.0,,,100018,2024-01-01,crm,vip
19,Customer 19,F,France,72.0,,2023-07-22,100019,2024-01-01,crm,follow up
20,Customer 20,F,USA,-3.0,,2023-01-15,100020,2024-01-01,crm,
21,Customer 21,F,USA,150.0,33000.0,2023-01-15,100021,2024-01-01,crm,
22,Customer 22,Male,USA,41.0,,,100022,2024-01-01,crm,follow up
23,Customer 23,F,France,150.0,,2023-01-15,100023,2024-01-01,crm,
24,Customer 24,F,Germany,-3.0,99000.0,2023-03-15,100024,2024-01-01,crm,
25,Customer 25,Female,USA,150.0,,,100025,2024-01-01,crm,
26,Customer 26,F,Germany,45.0,,2023-01-15,100026,2024-01-01,crm,vip
27,Customer 27,Male,USA,150.0,,2023-03-15,100027,2024-01-01,crm,
28,Customer 28,F,UK,45.0,,2023-03-04,100028,2024-01-01,crm,
29,Customer 29,M,UK,-3.0,,,100029,2024-01-01,crm,vip
30,Customer 30,F,UK,150.0,113000.0,2023-03-15,100030,2024-01-01,crm,
31,Customer 31,F,Germany,150.0,,,100031,2024-01-01,crm,
32,Customer 32,F,France,40.0,,2023-03-15,100032,2024-01-01,crm,follow up
33,Customer 33,F,Germany,150.0,,2023-07-22,100033,2024-01-01,crm,follow up
34,Customer 34,Female,USA,45.0,,2023-01-15,100034,2024-01-01,crm,
35,Customer 35,Male,Germany,45.0,,2023-03-15,100035,2024-01-01,crm,
36,Customer 36,M,USA,69.0,,2023-03-15,100036,2024-01-01,crm,
37,Customer 37,M,USA,150.0,,,100037,2024-01-01,crm,vip
38,Customer 38,M,Germany,45.0,,2023-07-22,100038,2024-01-01,crm,follow up
39,Customer 39,Male,USA,45.0,150000.0,2023-07-22,100039,2024-01-01,crm,
40,Customer 40,Male,USA,45.0,,2023-07-22,100040,2024-01-01,crm,
41,Customer 41,Male,USA,-3.0,47000.0,2023-03-15,100041,2024-01-01,crm,
42,Customer 42,M,USA,67.0,,,100042,2024-01-01,crm,
43,Customer 43,M,Germany,45.0,,,100043,2024-01-01,crm,follow up
44,Customer 44,Male,USA,150.0,,2023-03-15,100044,2024-01-01,crm,follow up
45,Customer 45,M,Germany,150.0,,2023-07-22,100045,2024-01-01,crm,
46,Customer 46,F,France,37.0,,2023-03-15,100046,2024-01-01,crm,vip
47,Customer 47,F,Germany,32.0,,2023-03-15,100047,2024-01-01,crm,
48,Customer 48,F,France,-3.0,,2023-03-15,100048,2024-01-01,crm,vip
49,Customer 49,M,USA,150.0,,,100049,2024-01-01,crm,follow up
50,Customer 50,F,France,-3.0,,,100050,2024-01-01,crm,
51,Customer 51,M,UK,32.0,,2023-03-04,100051,2024-01-01,crm,
52,Customer 52,F,USA,45.0,,2023-07-22,100052,2024-01-01,crm,
53,Customer 53,Male,Germany,-3.0,103000.0,2023-03-04,100053,2024-01-01,crm,
54,Customer 54,Female,USA,45.0,88000.0,2023-01-15,100054,2024-01-01,crm,vip
55,Customer 55,M,Germany,45.0,,2023-01-15,100055,2024-01-01,crm,follow up
56,Customer 56,M,USA,-3.0,,2023-01-15,100056,2024-01-01,crm,
57,Customer 57,M,USA,34.0,,2023-03-04,100057,2024-01-01,crm,vip
58,Customer 58,Male,UK,150.0,,2023-03-04,100058,2024-01-01,crm,vip
59,Customer 59,M,USA,20.0,,,100059,2024-01-01,crm,follow up
60,Customer 60,F,Germany,-3.0,,,100060,2024-01-01,crm,vip
61,Customer 61,Female,USA,150.0,,2023-07-22,100061,2024-01-01,crm,vip
62,Customer 62,M,UK,26.0,,2023-07-22,100062,2024-01-01,crm,
63,Customer 63,M,USA,-3.0,,,100063,2024-01-01,crm,
64,Customer 64,Female,USA,-3.0,,2023-03-04,100064,2024-01-01,crm,follow up
65,Customer 65,M,USA,150.0,,2023-01-15,100065,2024-01-01,crm,vip
66,Customer 66,F,USA,29.0,,2023-01-15,100066,2024-01-01,crm,follow up
67,Customer 67,M,Germany,45.0,83000.0,2023-01-15,100067,2024-01-01,crm,vip
68,Customer 68,M,USA,43.0,120000.0,2023-03-04,100068,2024-01-01,crm,vip
69,Customer 69,Female,USA,45.0,,2023-07-22,100069,2024-01-01,crm,
70,Customer 70,M,France,45.0,,,100070,2024-01-01,crm,
71,Customer 71,Male,UK,50.0,78000.0,2023-01-15,100071,2024-01-01,crm,
72,Customer 72,F,France,41.0,,,100072,2024-01-01,crm,
73,Customer 73,Female,USA,45.0,,2023-01-15,100073,2024-01-01,crm,follow up
74,Customer 74,M,France,50.0,,2023-03-04,100074,2024-01-01,crm,
75,Customer 75,M,USA,45.0,,2023-07-22,100075,2024-01-01,crm,follow up
76,Customer 76,M,Germany,150.0,,2023-01-15,100076,2024-01-01,crm,
77,Customer 77,M,USA,150.0,54000.0,2023-07-22,100077,2024-01-01,crm,
78,Customer 78,F,USA,61.0,,2023-03-04,100078,2024-01-01,crm,vip
79,Customer 79,F,Germany,47.0,,2023-01-15,100079,2024-01-01,crm,follow up
80,Customer 80,M,USA,47.0,,2023-03-04,100080,2024-01-01,crm,follow up
81,Customer 81,F,USA,22.0,,2023-03-04,100081,2024-01-01,crm,
82,Customer 82,Male,UK,150.0,,2023-03-15,100082,2024-01-01,crm,follow up
83,Customer 83,F,Germany,45.0,,2023-07-22,100083,2024-01-01,crm,follow up
84,Customer 84,M,France,-3.0,,2023-03-04,100084,2024-01-01,crm,
85,Customer 85,M,USA,150.0,121000.0,2023-03-15,100085,2024-01-01,crm,
86,Customer 86,Female,USA,150.0,,2023-07-22,100086,2024-01-01,crm,
87,Customer 87,M,Germany,150.0,,2023-01-15,100087,2024-01-01,crm,
88,Customer 88,Female,USA,45.0,,2023-07-22,100088,2024-01-01,crm,vip
89,Customer 89,F,UK,-3.0,,,100089,2024-01-01,crm,
90,Customer 90,Female,USA,-3.0,,2023-03-04,100090,2024-01-01,crm,follow up
91,Customer 91,M,Germany,45.0,,2023-03-04,100091,2024-01-01,crm,vip
92,Customer 92,M,USA,150.0,,2023-03-04,100092,2024-01-01,crm,follow up
93,Customer 93,Male,France,43.0,,2023-01-15,100093,2024-01-01,crm,
94,Customer 94,Male,UK,45.0,,2023-07-22,100094,2024-01-01,crm,follow up
95,Customer 95,F,Germany,45.0,,2023-03-04,100095,2024-01-01,crm,
96,Customer 96,M,USA,150.0,71000.0,2023-07-22,100096,2024-01-01,crm,follow up
97,Customer 97,F,France,45.0,,2023-03-04,100097,2024-01-01,crm,
98,Customer 98,F,USA,150.0,,2023-01-15,100098,2024-01-01,crm,vip
99,Customer 99,F,Germany,-3.0,,2023-01-15,100099,2024-01-01,crm,
100,Customer 100,M,Germany,-3.0,145000.0,2023-01-15,100100,2024-01-01,crm,follow up
101,Customer 101,Male,UK,-3.0,83000.0,2023-03-15,100101,2024-01-01,crm,
102,Customer 102,F,Germany,61.0,137000.0,,100102,2024-01-01,crm,
103,Customer 103,M,UK,45.0,,2023-03-15,100103,2024-01-01,crm,vip
104,Customer 104,Male,France,45.0,45000.0,2023-03-04,100104,2024-01-01,crm,
105,Customer 105,F,USA,32.0,,2023-07-22,100105,2024-01-01,crm,vip
106,Customer 106,M,France,45.0,,,100106,2024-01-01,crm,
107,Customer 107,M,Germany,150.0,34000.0,2023-03-15,100107,2024-01-01,crm,follow up
108,Customer 108,Female,France,44.0,,2023-07-22,100108,2024-01-01,crm,vip
109,Customer 109,F,Germany,150.0,,2023-07-22,100109,2024-01-01,crm,
110,Customer 110,M,UK,36.0,,2023-03-15,100110,2024-01-01,crm,vip
111,Customer 111,F,USA,45.0,,2023-01-15,100111,2024-01-01,crm,follow up
112,Customer 112,Male,USA,45.0,,2023-01-15,100112,2024-01-01,crm,
113,Customer 113,F,USA,31.0,,2023-01-15,100113,2024-01-01,crm,
114,Customer 114,F,Germany,150.0,48000.0,2023-03-15,100114,2024-01-01,crm,vip
115,Customer 115,F,USA,-3.0,,2023-07-22,100115,2024-01-01,crm,vip
116,Customer 116,M,Germany,28.0,20000.0,2023-03-04,100116,2024-01-01,crm,
117,Customer 117,M,Germany,74.0,,2023-03-04,100117,2024-01-01,crm,vip
118,Customer 118,F,USA,-3.0,,,100118,2024-01-01,crm,follow up
119,Customer 119,F,USA,-3.0,,2023-03-15,100119,2024-01-01,crm,follow up
120,Customer 120,M,Germany,-3.0,36000.0,2023-03-04,100120,2024-01-01,crm,
121,Customer 121,Female,USA,150.0,,2023-03-04,100121,2024-01-01,crm,
122,Customer 122,M,France,150.0,,2023-01-15,100122,2024-01-01,crm,
123,Customer 123,M,UK,32.0,,2023-07-22,100123,2024-01-01,crm,vip
124,Customer 124,F,UK,45.0,,2023-01-15,100124,2024-01-01,crm,vip
125,Customer 125,Female,UK,45.0,,2023-07-22,100125,2024-01-01,crm,vip
126,Customer 126,Male,USA,45.0,,2023-03-15,100126,2024-01-01,crm,follow up
127,Customer 127,M,France,-3.0,,2023-07-22,100127,2024-01-01,crm,
128,Customer 128,M,USA,57.0,73000.0,2023-07-22,100128,2024-01-01,crm,follow up
129,Customer 129,Female,Germany,45.0,,2023-07-22,100129,2024-01-01,crm,
130,Customer 130,Female,Germany,72.0,,2023-03-04,100130,2024-01-01,crm,vip
131,Customer 131,M,USA,150.0,,2023-03-15,100131,2024-01-01,crm,
132,Customer 132,F,USA,150.0,,2023-01-15,100132,2024-01-01,crm,follow up
133,Customer 133,M,USA,45.0,,2023-01-15,100133,2024-01-01,crm,
134,Customer 134,M,Germany,45.0,,2023-01-15,100134,2024-01-01,crm,vip
135,Customer 135,F,USA,45.0,69000.0,2023-03-04,100135,2024-01-01,crm,
136,Customer 136,F,Germany,34.0,,2023-03-15,100136,2024-01-01,crm,
137,Customer 137,M,USA,27.0,,2023-01-15,100137,2024-01-01,crm,
138,Customer 138,M,UK,-3.0,,,100138,2024-01-01,crm,vip
139,Customer 139,M,USA,-3.0,143000.0,2023-07-22,100139,2024-01-01,crm,
140,Customer 140,F,France,45.0,,2023-07-22,100140,2024-01-01,crm,vip
141,Customer 141,F,USA,150.0,126000.0,2023-03-04,100141,2024-01-01,crm,vip
142,Customer 142,F,Germany,150.0,,2023-07-22,100142,2024-01-01,crm,
143,Customer 143,M,Germany,45.0,128000.0,2023-01-15,100143,2024-01-01,crm,follow up
144,Customer 144,Male,USA,45.0,53000.0,2023-01-15,100144,2024-01-01,crm,
145,Customer 145,Female,UK,43.0,,2023-03-15,100145,2024-01-01,crm,vip
146,Customer 146,M,USA,45.0,37000.0,2023-07-22,100146,2024-01-01,crm,follow up
147,Customer 147,F,USA,26.0,,2023-01-15,100147,2024-01-01,crm,follow up
148,Customer 148,M,France,45.0,,,100148,2024-01-01,crm,
149,Customer 149,F,USA,45.0,,,100149,2024-01-01,crm,
150,Customer 150,F,USA,45.0,,2023-01-15,100150,2024-01-01,crm,
151,Customer 151,Female,UK,38.0,,,100151,2024-01-01,crm,vip
152,Customer 152,Female,Germany,45.0,,2023-03-04,100152,2024-01-01,crm,follow up
153,Customer 153,Male,Germany,29.0,,2023-07-22,100153,2024-01-01,crm,
154,Customer 154,F,UK,-3.0,,2023-07-22,100154,2024-01-01,crm,
155,Customer 155,M,USA,-3.0,113000.0,2023-07-22,100155,2024-01-01,crm,
156,Customer 156,M,France,26.0,100000.0,2023-01-15,100156,2024-01-01,crm,follow up
157,Customer 157,Female,UK,26.0,36000.0,2023-03-15,100157,2024-01-01,crm,
158,Customer 158,F,USA,45.0,76000.0,2023-03-04,100158,2024-01-01,crm,vip
159,Customer 159,F,USA,150.0,,2023-03-04,100159,2024-01-01,crm,follow up
160,Customer 160,F,Germany,45.0,,2023-01-15,100160,2024-01-01,crm,
161,Customer 161,F,Germany,150.0,,2023-03-15,100161,2024-01-01,crm,vip
162,Customer 162,M,UK,51.0,,,100162,2024-01-01,crm,
163,Customer 163,M,Germany,-3.0,,2023-07-22,100163,2024-01-01,crm,vip
164,Customer 164,Male,USA,150.0,,2023-03-15,100164,2024-01-01,crm,
165,Customer 165,Male,France,150.0,,,100165,2024-01-01,crm,vip
166,Customer 166,Female,USA,65.0,,2023-03-04,100166,2024-01-01,crm,follow up
167,Customer 167,F,Germany,41.0,,2023-03-15,100167,2024-01-01,crm,
168,Customer 168,M,USA,150.0,97000.0,,100168,2024-01-01,crm,vip
169,Customer 169,Male,USA,150.0,,2023-03-04,100169,2024-01-01,crm,follow up
170,Customer 170,F,USA,45.0,,2023-01-15,100170,2024-01-01,crm,
171,Customer 171,Female,USA,150.0,,2023-01-15,100171,2024-01-01,crm,
172,Customer 172,Female,UK,150.0,,2023-03-15,100172,2024-01-01,crm,
173,Customer 173,M,USA,21.0,,2023-03-15,100173,2024-01-01,crm,
174,Customer 174,M,UK,24.0,,2023-07-22,100174,2024-01-01,crm,
175,Customer 175,Male,Germany,-3.0,,2023-01-15,100175,2024-01-01,crm,vip
176,Customer 176,Female,USA,-3.0,,2023-07-22,100176,2024-01-01,crm,follow up
177,Customer 177,M,France,-3.0,,2023-01-15,100177,2024-01-01,crm,vip
178,Customer 178,F,France,20.0,,2023-01-15,100178,2024-01-01,crm,vip
179,Customer 179,Female,Germany,-3.0,,2023-03-15,100179,2024-01-01,crm,
180,Customer 180,Male,USA,150.0,,2023-03-15,100180,2024-01-01,crm,vip
181,Customer 181,F,Germany,45.0,,2023-07-22,100181,2024-01-01,crm,
182,Customer 182,M,Germany,45.0,,2023-07-22,100182,2024-01-01,crm,
183,Customer 183,Male,USA,27.0,26000.0,2023-01-15,100183,2024-01-01,crm,
184,Customer 184,M,USA,62.0,27000.0,2023-03-15,100184,2024-01-01,crm,
185,Customer 185,Female,USA,65.0,,2023-03-15,100185,2024-01-01,crm,
186,Customer 186,Female,Germany,45.0,,2023-01-15,100186,2024-01-01,crm,
187,Customer 187,M,UK,69.0,,2023-01-15,100187,2024-01-01,crm,
188,Customer 188,M,UK,45.0,,2023-03-04,100188,2024-01-01,crm,follow up
189,Customer 189,M,USA,150.0,92000.0,2023-03-04,100189,2024-01-01,crm,vip
190,Customer 190,Male,Germany,150.0,,2023-01-15,100190,2024-01-01,crm,follow up
191,Customer 191,Male,UK,150.0,140000.0,,100191,2024-01-01,crm,
192,Customer 192,Female,UK,70.0,,2023-07-22,100192,2024-01-01,crm,
193,Customer 193,Male,USA,36.0,,2023-07-22,100193,2024-01-01,crm,
194,Customer 194,F,France,45.0,,,100194,2024-01-01,crm,vip
195,Customer 195,Male,USA,45.0,,2023-03-15,100195,2024-01-01,crm,
196,Customer 196,Female,UK,-3.0,,2023-03-04,100196,2024-01-01,crm,
197,Customer 197,F,Germany,75.0,128000.0,2023-03-04,100197,2024-01-01,crm,
198,Customer 198,M,USA,45.0,,2023-07-22,100198,2024-01-01,crm,
199,Customer 199,Male,Germany,66.0,,,100199,2024-01-01,crm,
200,Customer 200,F,France,150.0,,2023-07-22,100200,2024-01-01,crm,vip
201,Customer 201,Male,USA,150.0,,,100201,2024-01-01,crm,
202,Customer 202,M,USA,45.0,,2023-03-04,100202,2024-01-01,crm,vip
203,Customer 203,F,USA,45.0,86000.0,2023-03-15,100203,2024-01-01,crm,
204,Customer 204,F,Germany,45.0,,2023-07-22,100204,2024-01-01,crm,vip
205,Customer 205,F,USA,58.0,,2023-07-22,100205,2024-01-01,crm,follow up
206,Customer 206,M,USA,-3.0,,2023-07-22,100206,2024-01-01,crm,
207,Customer 207,F,USA,-3.0,,2023-07-22,100207,2024-01-01,crm,follow up
208,Customer 208,F,France,45.0,66000.0,2023-07-22,100208,2024-01-01,crm,follow up
209,Customer 209,M,USA,58.0,,2023-07-22,100209,2024-01-01,crm,
210,Customer 210,M,UK,-3.0,136000.0,,100210,2024-01-01,crm,follow up
211,Customer 211,Male,France,45.0,103000.0,2023-07-22,100211,2024-01-01,crm,follow up
212,Customer 212,M,USA,45.0,,,100212,2024-01-01,crm,vip
213,Customer 213,M,UK,-3.0,,,100213,2024-01-01,crm,
214,Customer 214,Female,UK,150.0,,2023-07-22,100214,2024-01-01,crm,
215,Customer 215,Female,USA,43.0,111000.0,2023-03-04,100215,2024-01-01,crm,vip
216,Customer 216,F,Germany,21.0,,2023-07-22,100216,2024-01-01,crm,vip
217,Customer 217,Male,USA,45.0,,,100217,2024-01-01,crm,
218,Customer 218,F,Germany,45.0,53000.0,2023-03-15,100218,2024-01-01,crm,follow up
219,Customer 219,Female,Germany,45.0,,2023-07-22,100219,2024-01-01,crm,follow up
220,Customer 220,M,UK,45.0,,2023-03-15,100220,2024-01-01,crm,vip
221,Customer 221,Female,Germany,150.0,,2023-07-22,100221,2024-01-01,crm,
222,Customer 222,Female,UK,150.0,,2023-03-04,100222,2024-01-01,crm,follow up
223,Customer 223,F,Germany,57.0,,2023-03-04,100223,2024-01-01,crm,follow up
224,Customer 224,M,USA,150.0,,,100224,2024-01-01,crm,
225,Customer 225,Female,USA,31.0,,,100225,2024-01-01,crm,
226,Customer 226,Male,USA,45.0,,2023-03-04,100226,2024-01-01,crm,
227,Customer 227,F,Germany,45.0,,2023-03-15,100227,2024-01-01,crm,follow up
228,Customer 228,Female,USA,51.0,132000.0,,100228,2024-01-01,crm,
229,Customer 229,M,Germany,45.0,,,100229,2024-01-01,crm,
230,Customer 230,F,Germany,45.0,,2023-07-22,100230,2024-01-01,crm,
231,Customer 231,Male,Germany,73.0,,2023-07-22,100231,2024-01-01,crm,follow up
232,Customer 232,Female,USA,-3.0,,2023-07-22,100232,2024-01-01,crm,
233,Customer 233,F,France,41.0,25000.0,2023-03-04,100233,2024-01-01,crm,
234,Customer 234,Male,Germany,45.0,,2023-07-22,100234,2024-01-01,crm,
235,Customer 235,M,USA,150.0,,,100235,2024-01-01,crm,
236,Customer 236,M,Germany,-3.0,84000.0,2023-03-04,100236,2024-01-01,crm,vip
237,Customer 237,M,UK,-3.0,,,100237,2024-01-01,crm,vip
238,Customer 238,F,France,49.0,,2023-03-04,100238,2024-01-01,crm,vip
239,Customer 239,F,Germany,58.0,,,100239,2024-01-01,crm,follow up
240,Customer 240,Male,Germany,-3.0,96000.0,2023-01-15,100240,2024-01-01,crm,
241,Customer 241,F,UK,48.0,,,100241,2024-01-01,crm,
242,Customer 242,Female,France,62.0,74000.0,2023-07-22,100242,2024-01-01,crm,
243,Customer 243,M,France,29.0,127000.0,2023-01-15,100243,2024-01-01,crm,vip
244,Customer 244,F,UK,150.0,,2023-07-22,100244,2024-01-01,crm,
245,Customer 245,M,USA,45.0,147000.0,2023-01-15,100245,2024-01-01,crm,follow up
246,Customer 246,Male,France,-3.0,37000.0,2023-07-22,100246,2024-01-01,crm,
247,Customer 247,F,UK,44.0,,2023-03-15,100247,2024-01-01,crm,
248,Customer 248,Female,USA,45.0,22000.0,2023-01-15,100248,2024-01-01,crm,
249,Customer 249,M,USA,48.0,,2023-07-22,100249,2024-01-01,crm,
250,Customer 250,M,USA,45.0,,,100250,2024-01-01,crm,follow up
251,Customer 251,F,France,150.0,33000.0,2023-01-15,100251,2024-01-01,crm,
252,Customer 252,M,France,61.0,,2023-03-04,100252,2024-01-01,crm,
253,Customer 253,F,Germany,150.0,,2023-07-22,100253,2024-01-01,crm,
254,Customer 254,F,UK,150.0,,2023-07-22,100254,2024-01-01,crm,follow up
255,Customer 255,F,USA,150.0,,2023-01-15,100255,2024-01-01,crm,vip
256,Customer 256,Male,France,45.0,,2023-03-15,100256,2024-01-01,crm,follow up
257,Customer 257,F,France,45.0,,2023-01-15,100257,2024-01-01,crm,vip
258,Customer 258,M,USA,45.0,,2023-03-15,100258,2024-01-01,crm,
259,Customer 259,M,UK,-3.0,108000.0,,100259,2024-01-01,crm,follow up
260,Customer 260,F,USA,45.0,99000.0,2023-07-22,100260,2024-01-01,crm,follow up
261,Customer 261,Female,USA,34.0,,,100261,2024-01-01,crm,
262,Customer 262,Male,UK,40.0,,,100262,2024-01-01,crm,vip
263,Customer 263,Male,USA,45.0,,2023-03-15,100263,2024-01-01,crm,
264,Customer 264,F,UK,150.0,,2023-07-22,100264,2024-01-01,crm,
265,Customer 265,F,USA,150.0,,2023-07-22,100265,2024-01-01,crm,
266,Customer 266,F,USA,56.0,,,100266,2024-01-01,crm,
267,Customer 267,M,USA,-3.0,,2023-03-04,100267,2024-01-01,crm,follow up
268,Customer 268,M,Germany,45.0,85000.0,2023-03-04,100268,2024-01-01,crm,
269,Customer 269,F,Germany,23.0,33000.0,,100269,2024-01-01,crm,vip
270,Customer 270,Female,Germany,49.0,121000.0,2023-01-15,100270,2024-01-01,crm,vip
271,Customer 271,M,Germany,32.0,,2023-03-15,100271,2024-01-01,crm,follow up
272,Customer 272,F,USA,45.0,64000.0,2023-03-04,100272,2024-01-01,crm,vip
273,Customer 273,M,Germany,75.0,,,100273,2024-01-01,crm,follow up
274,Customer 274,M,USA,150.0,,2023-03-04,100274,2024-01-01,crm,follow up
275,Customer 275,Female,USA,150.0,,2023-07-22,100275,2024-01-01,crm,
276,Customer 276,M,Germany,45.0,,2023-03-15,100276,2024-01-01,crm,
277,Customer 277,F,France,30.0,,2023-01-15,100277,2024-01-01,crm,vip
278,Customer 278,Female,USA,-3.0,,2023-01-15,100278,2024-01-01,crm,
279,Customer 279,F,USA,45.0,142000.0,2023-03-04,100279,2024-01-01,crm,
280,Customer 280,M,USA,65.0,,,100280,2024-01-01,crm,
281,Customer 281,F,UK,150.0,,2023-03-15,100281,2024-01-01,crm,
282,Customer 282,M,USA,150.0,,2023-03-04,100282,2024-01-01,crm,follow up
283,Customer 283,M,USA,-3.0,,,100283,2024-01-01,crm,
284,Customer 284,Female,UK,45.0,,2023-01-15,100284,2024-01-01,crm,vip
285,Customer 285,F,USA,150.0,,2023-01-15,100285,2024-01-01,crm,follow up
286,Customer 286,M,Germany,45.0,,2023-03-15,100286,2024-01-01,crm,
287,Customer 287,F,UK,150.0,,2023-07-22,100287,2024-01-01,crm,
288,Customer 288,Male,USA,150.0,131000.0,2023-07-22,100288,2024-01-01,crm,
289,Customer 289,M,Germany,45.0,,2023-03-15,100289,2024-01-01,crm,
290,Customer 290,Male,USA,71.0,,2023-03-15,100290,2024-01-01,crm,
291,Customer 291,F,Germany,45.0,,2023-01-15,100291,2024-01-01,crm,
292,Customer 292,Female,France,-3.0,,2023-03-04,100292,2024-01-01,crm,vip
293,Customer 293,Female,UK,49.0,,2023-07-22,100293,2024-01-01,crm,
294,Customer 294,Female,USA,45.0,113000.0,2023-03-15,100294,2024-01-01,crm,vip
295,Customer 295,Male,Germany,72.0,,,100295,2024-01-01,crm,
296,Customer 296,M,USA,45.0,,,100296,2024-01-01,crm,
297,Customer 297,M,UK,-3.0,134000.0,,100297,2024-01-01,crm,
298,Customer 298,M,USA,45.0,,2023-01-15,100298,2024-01-01,crm,vip
299,Customer 299,M,Germany,70.0,24000.0,2023-03-15,100299,2024-01-01,crm,vip
300,Customer 300,M,UK,-3.0,,2023-01-15,100300,2024-01-01,crm,vip
301,Customer 301,M,France,29.0,89000.0,2023-07-22,100301,2024-01-01,crm,follow up
302,Customer 302,Male,Germany,150.0,48000.0,2023-01-15,100302,2024-01-01,crm,follow up
303,Customer 303,F,Germany,45.0,,,100303,2024-01-01,crm,follow up
304,Customer 304,Female,Germany,28.0,,,100304,2024-01-01,crm,
305,Customer 305,F,USA,150.0,,2023-03-15,100305,2024-01-01,crm,vip
306,Customer 306,Female,Germany,150.0,122000.0,2023-03-04,100306,2024-01-01,crm,
307,Customer 307,Female,USA,-3.0,,2023-01-15,100307,2024-01-01,crm,
308,Customer 308,M,USA,45.0,149000.0,2023-03-15,100308,2024-01-01,crm,
309,Customer 309,F,Germany,-3.0,31000.0,2023-01-15,100309,2024-01-01,crm,vip
310,Customer 310,Female,Germany,35.0,,2023-01-15,100310,2024-01-01,crm,
311,Customer 311,F,USA,150.0,,2023-03-04,100311,2024-01-01,crm,
312,Customer 312,M,USA,150.0,,,100312,2024-01-01,crm,
313,Customer 313,F,USA,45.0,,,100313,2024-01-01,crm,vip
314,Customer 314,M,USA,65.0,,,100314,2024-01-01,crm,
315,Customer 315,Female,Germany,150.0,,,100315,2024-01-01,crm,follow up
316,Customer 316,F,UK,37.0,,2023-03-15,100316,2024-01-01,crm,
317,Customer 317,Male,Germany,-3.0,,2023-03-15,100317,2024-01-01,crm,
318,Customer 318,M,Germany,-3.0,,2023-03-15,100318,2024-01-01,crm,vip
319,Customer 319,M,UK,45.0,,2023-07-22,100319,2024-01-01,crm,
320,Customer 320,Male,Germany,-3.0,110000.0,,100320,2024-01-01,crm,
321,Customer 321,Female,France,-3.0,,2023-03-15,100321,2024-01-01,crm,
322,Customer 322,Male,Germany,150.0,,2023-03-04,100322,2024-01-01,crm,
323,Customer 323,F,UK,24.0,125000.0,2023-07-22,100323,2024-01-01,crm,follow up
324,Customer 324,Male,USA,150.0,,2023-07-22,100324,2024-01-01,crm,follow up
325,Customer 325,M,France,150.0,,,100325,2024-01-01,crm,follow up
326,Customer 326,Female,USA,-3.0,,2023-03-04,100326,2024-01-01,crm,
327,Customer 327,Male,USA,45.0,,,100327,2024-01-01,crm,
328,Customer 328,M,UK,150.0,,2023-03-15,100328,2024-01-01,crm,follow up
329,Customer 329,M,USA,150.0,,,100329,2024-01-01,crm,vip
330,Customer 330,Male,Germany,-3.0,,2023-03-04,100330,2024-01-01,crm,
331,Customer 331,Male,France,-3.0,22000.0,,100331,2024-01-01,crm,
332,Customer 332,M,Germany,-3.0,,2023-07-22,100332,2024-01-01,crm,follow up
333,Customer 333,F,Germany,150.0,,2023-03-04,100333,2024-01-01,crm,vip
334,Customer 334,M,USA,150.0,64000.0,2023-03-04,100334,2024-01-01,crm,vip
335,Customer 335,Male,Germany,45.0,,,100335,2024-01-01,crm,
336,Customer 336,F,USA,21.0,110000.0,2023-07-22,100336,2024-01-01,crm,
337,Customer 337,M,USA,63.0,,2023-01-15,100337,2024-01-01,crm,
338,Customer 338,Female,USA,45.0,,,100338,2024-01-01,crm,
339,Customer 339,Male,USA,44.0,,,100339,2024-01-01,crm,
340,Customer 340,M,USA,45.0,,,100340,2024-01-01,crm,follow up
341,Customer 341,M,France,150.0,,2023-03-04,100341,2024-01-01,crm,vip
342,Customer 342,F,USA,35.0,,2023-03-15,100342,2024-01-01,crm,follow up
343,Customer 343,Male,Germany,19.0,,,100343,2024-01-01,crm,
344,Customer 344,F,USA,45.0,,2023-01-15,100344,2024-01-01,crm,
345,Customer 345,Male,UK,150.0,,2023-03-04,100345,2024-01-01,crm,follow up
346,Customer 346,Male,USA,-3.0,,2023-07-22,100346,2024-01-01,crm,
347,Customer 347,F,USA,-3.0,,2023-01-15,100347,2024-01-01,crm,
348,Customer 348,F,USA,45.0,,2023-07-22,100348,2024-01-01,crm,vip
349,Customer 349,M,USA,-3.0,,2023-01-15,100349,2024-01-01,crm,
350,Customer 350,F,UK,45.0,,2023-07-22,100350,2024-01-01,crm,vip
351,Customer 351,M,USA,45.0,91000.0,2023-03-04,100351,2024-01-01,crm,
352,Customer 352,F,France,26.0,,,100352,2024-01-01,crm,
353,Customer 353,Male,Germany,45.0,,2023-03-04,100353,2024-01-01,crm,
354,Customer 354,Female,Germany,45.0,,,100354,2024-01-01,crm,
355,Customer 355,F,UK,45.0,,,100355,2024-01-01,crm,vip
356,Customer 356,Male,USA,45.0,52000.0,,100356,2024-01-01,crm,
357,Customer 357,Male,UK,-3.0,,2023-03-04,100357,2024-01-01,crm,
358,Customer 358,F,France,45.0,,2023-03-15,100358,2024-01-01,crm,
359,Customer 359,M,Germany,150.0,69000.0,2023-03-04,100359,2024-01-01,crm,
360,Customer 360,F,USA,-3.0,,2023-07-22,100360,2024-01-01,crm,follow up
361,Customer 361,Female,France,45.0,,2023-01-15,100361,2024-01-01,crm,vip
362,Customer 362,Female,UK,150.0,125000.0,2023-07-22,100362,2024-01-01,crm,
363,Customer 363,F,USA,75.0,,2023-01-15,100363,2024-01-01,crm,vip
364,Customer 364,Male,France,32.0,123000.0,,100364,2024-01-01,crm,
365,Customer 365,F,USA,150.0,,2023-01-15,100365,2024-01-01,crm,vip
366,Customer 366,Female,France,45.0,,2023-07-22,100366,2024-01-01,crm,vip
367,Customer 367,M,USA,150.0,30000.0,2023-03-15,100367,2024-01-01,crm,
368,Customer 368,M,UK,45.0,108000.0,2023-07-22,100368,2024-01-01,crm,follow up
369,Customer 369,Female,Germany,45.0,91000.0,2023-03-04,100369,2024-01-01,crm,follow up
370,Customer 370,F,USA,-3.0,150000.0,2023-03-15,100370,2024-01-01,crm,follow up
371,Customer 371,Female,Germany,45.0,,2023-01-15,100371,2024-01-01,crm,vip
372,Customer 372,F,Germany,45.0,,2023-01-15,100372,2024-01-01,crm,
373,Customer 373,M,USA,44.0,,2023-03-15,100373,2024-01-01,crm,
374,Customer 374,Female,France,-3.0,,2023-01-15,100374,2024-01-01,crm,follow up
375,Customer 375,F,France,150.0,,,100375,2024-01-01,crm,
376,Customer 376,M,France,70.0,,2023-03-15,100376,2024-01-01,crm,follow up
377,Customer 377,F,UK,31.0,94000.0,2023-03-04,100377,2024-01-01,crm,follow up
378,Customer 378,F,USA,150.0,,2023-01-15,100378,2024-01-01,crm,vip
379,Customer 379,F,USA,150.0,,,100379,2024-01-01,crm,vip
380,Customer 380,M,USA,53.0,31000.0,2023-07-22,100380,2024-01-01,crm,follow up
381,Customer 381,M,France,150.0,87000.0,2023-07-22,100381,2024-01-01,crm,follow up
382,Customer 382,F,USA,150.0,,2023-01-15,100382,2024-01-01,crm,vip
383,Customer 383,Female,Germany,150.0,82000.0,2023-03-15,100383,2024-01-01,crm,
384,Customer 384,M,UK,45.0,,2023-03-15,100384,2024-01-01,crm,
385,Customer 385,M,UK,150.0,,2023-03-15,100385,2024-01-01,crm,vip
386,Customer 386,M,USA,45.0,,2023-03-15,100386,2024-01-01,crm,
387,Customer 387,M,USA,-3.0,,2023-07-22,100387,2024-01-01,crm,follow up
388,Customer 388,F,France,150.0,,2023-03-15,100388,2024-01-01,crm,
389,Customer 389,F,Germany,-3.0,42000.0,2023-07-22,100389,2024-01-01,crm,follow up
390,Customer 390,F,USA,150.0,20000.0,,100390,2024-01-01,crm,follow up
391,Customer 391,F,USA,22.0,,2023-01-15,100391,2024-01-01,crm,follow up
392,Customer 392,M,France,45.0,,2023-03-04,100392,2024-01-01,crm,
393,Customer 393,F,UK,150.0,,2023-01-15,100393,2024-01-01,crm,vip
394,Customer 394,Male,Germany,45.0,122000.0,2023-01-15,100394,2024-01-01,crm,vip
395,Customer 395,Male,France,-3.0,,2023-03-15,100395,2024-01-01,crm,vip
396,Customer 396,M,Germany,74.0,,2023-07-22,100396,2024-01-01,crm,
397,Customer 397,F,France,150.0,,,100397,2024-01-01,crm,
398,Customer 398,Male,Germany,150.0,,2023-03-15,100398,2024-01-01,crm,
399,Customer 399,Male,France,45.0,84000.0,2023-03-15,100399,2024-01-01,crm,vip
400,Customer 400,Female,Germany,-3.0,77000.0,,100400,2024-01-01,crm,
